INSERT INTO users (id, "password", roles, username, enabled, confirmation_token)
VALUES ('5c21809e-a4c8-49a4-8659-86b3d2d58201'::uuid, '$2a$10$dh68bhXCcErS2ddO5HgmseCxD1.1nmwTVzruGrpLYj3dBmmvUNXQC',
        'ROLE_CUSTOMER', 'alrazumov6@gmail.com', false,
        'eyJhbGciOiJIUzI1NiJ9.eyJzdWIiOiJhbHJhenVtb3Y2QGdtYWlsLmNvbSIsInBhc3N3b3JkIjoiYWxyYXp1bW92NkBnbWFpbC5jb20iLCJkYXRlU3RhcnQiOiIyMDI1LTAzLTE0VDA3OjM4IiwiaWF0IjoxNzQxOTE5OTExLCJleHAiOjE3NDE5MjA1MTF9.ujnyEH3A3Q79NxPDnKFi0Y5j_FH9D4Thoh7cN4I94KI'),
       ('79c1d1cd-0be9-4f98-a6be-8974edad3cde'::uuid, '$2a$10$P8UX8zNcrUlKbwdp7c6qjuOMpyPGp08CwREBmiaSN9lknfNWCUrZO',
        'ROLE_CUSTOMER', 'razumov.aleksei101@yandex.ru', true,
        'eyJhbGciOiJIUzI1NiJ9.eyJzdWIiOiJyYXp1bW92LmFsZWtzZWkxMDFAeWFuZGV4LnJ1IiwicGFzc3dvcmQiOiIiLCJkYXRlU3RhcnQiOiIyMDI1LTAzLTE0VDA3OjM1IiwiaWF0IjoxNzQxOTE5NzIxLCJleHAiOjE3NDE5MjAzMjF9.gQLs_MHs8wmhFzul01rsgTDLQWvjg5jdXvsLStMKWjI');

INSERT INTO user_profile (id, created_at, last_activity_at, nickname, second_id, user_id)
VALUES ('47f6bb3e-5df5-48ba-b4a1-59c3aa002933'::uuid, '2025-03-14', '2025-03-14', 'test89', 'UOYD-9433',
        '79c1d1cd-0be9-4f98-a6be-8974edad3cde'::uuid),
       ('94462720-bf3a-4535-ade5-99933af89c04'::uuid, '2025-03-14', '2025-03-14', 'alrazumov6', 'SRBE-2384',
        '5c21809e-a4c8-49a4-8659-86b3d2d58201'::uuid);


INSERT INTO game (id, second_id, description, title, image_url, creator_id, rating)
VALUES ('3e8e1d1a-5a19-4c6e-b872-7387a1a91e01', 'LoE',
        'Фэнтезийная ролевая игра в открытом мире с захватывающим сюжетом.', 'Legend of Eldoria',
        'https://example.com/images/eldoria.jpg', '79c1d1cd-0be9-4f98-a6be-8974edad3cde', 10),
       ('e2bc2767-7d71-4b3a-90a6-3db49b9d6542', 'galactic_strike',
        'Научно-фантастический шутер от первого лица с кооперативным режимом.', 'Galactic Strike',
        'https://example.com/images/galactic.jpg', '79c1d1cd-0be9-4f98-a6be-8974edad3cde', 3),
       ('4f92e0f3-5c21-47d5-b1a5-f6d3c8f289c3', 'dream_walker',
        'Головоломка с элементами платформера, действие которой происходит в мире снов.', 'Dream walker',
        'https://example.com/images/dreamwalker.jpg', '79c1d1cd-0be9-4f98-a6be-8974edad3cde', 5),
       ('b9c1c0ee-85a4-4f79-92db-9aeaf4a2c9fd', 'kingdoms_rise',
        'Классическая стратегия в реальном времени в средневековом сеттинге.', 'Kingdoms Rise',
        'https://example.com/images/kingdoms.jpg', '79c1d1cd-0be9-4f98-a6be-8974edad3cde', 7),
       ('f6a14376-2628-4a3c-9883-7ffdfb58b126', 'pro_league_24',
        'Спортивный симулятор с возможностью создать собственного персонажа и карьеру.', 'Pro League 24',
        'https://example.com/images/proleague.jpg', '79c1d1cd-0be9-4f98-a6be-8974edad3cde', 1);

INSERT INTO offers (id, price, categories, created_at, description, image_url, second_id, title, creator_id, game_id)
VALUES ('8b8c14d1-9b3a-4c26-8039-1db20b5109c0', 1999.99, 'Action', DEFAULT, 'Экшен-игра с динамичным геймплеем.',
        'https://lfcarry.com/_next/image?url=https%3A%2F%2Fimg.lfcarry.com%2Fimg%2Fcustom%2Fcover_enhanced_67d16067087d1.webp&w=750&q=75',
        'UOYD-9433', 'Динамика битвы', '79c1d1cd-0be9-4f98-a6be-8974edad3cde', 'e2bc2767-7d71-4b3a-90a6-3db49b9d6542'),
       ('205dcadb-5a17-4d7a-b7dc-7f7eeb2e568b', 299.99, 'RPG', DEFAULT, 'Фэнтезийная ролевая игра с уникальным лором.',
        'https://lfcarry.com/_next/image?url=https%3A%2F%2Flfcarry.com%2Fimg%2Fcustom%2Fcover_67add9b673b5d.webp&w=640&q=75',
        'LPTR-8302', 'Сага древних', '79c1d1cd-0be9-4f98-a6be-8974edad3cde', 'f6a14376-2628-4a3c-9883-7ffdfb58b126'),
       ('75f6f3ee-95f5-41dc-a5cf-16c5aa7287d2', 399.00, 'Strategy', DEFAULT, 'Пошаговая стратегия в реальном времени.',
        'https://lfcarry.com/_next/image?url=https%3A%2F%2Flfcarry.com%2Fimg%2Fcustom%2Fcover_67add9b673b5d.webp&w=640&q=75',
        'XMQD-2277', 'Покорение миров', '79c1d1cd-0be9-4f98-a6be-8974edad3cde', 'b9c1c0ee-85a4-4f79-92db-9aeaf4a2c9fd'),
       ('d83e5e0b-49e7-4f10-8c3d-e95ae00a3f65', 799.50, 'Adventure', DEFAULT,
        'Исследование загадочных земель и головоломки.',
        'https://lfcarry.com/_next/image?url=https%3A%2F%2Flfcarry.com%2Fimg%2Fcustom%2Fcover_67add9b673b5d.webp&w=640&q=75',
        'CIVR-1120', 'Затерянные миры', '79c1d1cd-0be9-4f98-a6be-8974edad3cde', 'e2bc2767-7d71-4b3a-90a6-3db49b9d6542'),
       ('d23a7f29-6478-4032-9a1a-43a2c576cbff', 150.00, 'Simulation', DEFAULT,
        'Реалистичный симулятор городской жизни.',
        'https://lfcarry.com/_next/image?url=https%3A%2F%2Flfcarry.com%2Fimg%2Fcustom%2Fcover_67add9b673b5d.webp&w=640&q=75',
        'ZXCT-5593', 'Мегаполис: симуляция', '79c1d1cd-0be9-4f98-a6be-8974edad3cde',
        'f6a14376-2628-4a3c-9883-7ffdfb58b126'),
       ('0a24a63d-e43c-4f7e-bf10-99f57c76f15d', 499.99, 'Shooter', DEFAULT, 'Шутер в постапокалиптическом мире.',
        'https://lfcarry.com/_next/image?url=https%3A%2F%2Flfcarry.com%2Fimg%2Fcustom%2Fcover_67add9b673b5d.webp&w=640&q=75',
        'BKLT-9921', 'Пустоши войны', '79c1d1cd-0be9-4f98-a6be-8974edad3cde', 'b9c1c0ee-85a4-4f79-92db-9aeaf4a2c9fd'),
       ('f6e1a183-0b6d-4f94-9e33-7a1b8e46050f', 220.00, 'Horror', DEFAULT, 'Ужасы в заброшенном особняке.',
        'https://lfcarry.com/_next/image?url=https%3A%2F%2Flfcarry.com%2Fimg%2Fcustom%2Fcover_67add9b673b5d.webp&w=640&q=75',
        'RTYU-7782', 'Дом теней', '79c1d1cd-0be9-4f98-a6be-8974edad3cde', 'e2bc2767-7d71-4b3a-90a6-3db49b9d6542'),
       ('2c12e3f3-d021-4721-9485-6830cd58de6c', 1299.99, 'Open World', DEFAULT,
        'Огромный открытый мир с элементами выживания.',
        'https://lfcarry.com/_next/image?url=https%3A%2F%2Flfcarry.com%2Fimg%2Fcustom%2Fcover_67add9b673b5d.webp&w=640&q=75',
        'LMNB-8800', 'Выживание на краю', '79c1d1cd-0be9-4f98-a6be-8974edad3cde',
        'f6a14376-2628-4a3c-9883-7ffdfb58b126'),
       ('ae9b14d1-1a86-4622-9760-eae403760917', 349.00, 'Platformer', DEFAULT,
        'Красочный платформер с уникальной механикой.',
        'https://lfcarry.com/_next/image?url=https%3A%2F%2Flfcarry.com%2Fimg%2Fcustom%2Fcover_67add9b673b5d.webp&w=640&q=75',
        'GEWD-1129', 'Скачок света', '79c1d1cd-0be9-4f98-a6be-8974edad3cde', 'b9c1c0ee-85a4-4f79-92db-9aeaf4a2c9fd'),
       ('78df23a3-6a3a-4d23-ae1f-f14d063dfb69', 699.99, 'MMORPG', DEFAULT, 'Массовая онлайн ролевая игра.',
        'https://lfcarry.com/_next/image?url=https%3A%2F%2Flfcarry.com%2Fimg%2Fcustom%2Fcover_67add9b673b5d.webp&w=640&q=75',
        'QWER-7766', 'Мир Онлайн', '79c1d1cd-0be9-4f98-a6be-8974edad3cde', 'e2bc2767-7d71-4b3a-90a6-3db49b9d6542'),
       ('1b9ecb2c-d38f-487a-ae3d-d6ff7d88289d', 250.00, 'Indie', DEFAULT, 'Инди-игра с уникальной атмосферой.',
        'https://lfcarry.com/_next/image?url=https%3A%2F%2Flfcarry.com%2Fimg%2Fcustom%2Fcover_67add9b673b5d.webp&w=640&q=75',
        'UHYG-8912', 'Мир внутри', '79c1d1cd-0be9-4f98-a6be-8974edad3cde', 'f6a14376-2628-4a3c-9883-7ffdfb58b126'),
       ('c1e80a2a-1261-4064-96b3-25462482fd47', 879.90, 'Action', DEFAULT,
        'Экшен от первого лица с захватывающим сюжетом.',
        'https://lfcarry.com/_next/image?url=https%3A%2F%2Flfcarry.com%2Fimg%2Fcustom%2Fcover_67add9b673b5d.webp&w=640&q=75',
        'RERE-4356', 'Разлом', '79c1d1cd-0be9-4f98-a6be-8974edad3cde', 'b9c1c0ee-85a4-4f79-92db-9aeaf4a2c9fd'),
       ('f0e1f43f-3160-4c64-a2e5-b4d2d4e9f21a', 159.00, 'Puzzle', DEFAULT, 'Головоломка на основе физики.',
        'https://lfcarry.com/_next/image?url=https%3A%2F%2Flfcarry.com%2Fimg%2Fcustom%2Fcover_67add9b673b5d.webp&w=640&q=75',
        'BNUI-3322', 'Куб логики', '79c1d1cd-0be9-4f98-a6be-8974edad3cde', 'e2bc2767-7d71-4b3a-90a6-3db49b9d6542'),
       ('7a727f57-59b9-4cb9-a6cf-fd2fe60aaf6b', 249.99, 'Racing', DEFAULT, 'Гонки на футуристических трассах.',
        'https://lfcarry.com/_next/image?url=https%3A%2F%2Flfcarry.com%2Fimg%2Fcustom%2Fcover_67add9b673b5d.webp&w=640&q=75',
        'ASDF-5477', 'Неоновые скорости', '79c1d1cd-0be9-4f98-a6be-8974edad3cde',
        'f6a14376-2628-4a3c-9883-7ffdfb58b126'),
       ('44590a47-3c86-4d13-91e4-f0a1aee6e8fd', 350.00, 'Stealth', DEFAULT, 'Тактический стелс в антиутопии.',
        'https://lfcarry.com/_next/image?url=https%3A%2F%2Flfcarry.com%2Fimg%2Fcustom%2Fcover-ZEqMEloXF-transformed_674ebac58ce7f.webp&w=1080&q=75',
        'LOPK-1134', 'Тени будущего', '79c1d1cd-0be9-4f98-a6be-8974edad3cde', 'b9c1c0ee-85a4-4f79-92db-9aeaf4a2c9fd'),
       ('0e04c279-4537-4868-a41e-5f58fcf34a65', 980.00, 'Fighting', DEFAULT, 'Соревновательный файтинг.',
        'https://lfcarry.com/_next/image?url=https%3A%2F%2Fimg.lfcarry.com%2Fimg%2Fcustom%2Fcover-Picsart-AiImageEnhancer_6811e7cf4e090.webp&w=750&q=75',
        'PLKO-6654', 'Арена чемпионов', '79c1d1cd-0be9-4f98-a6be-8974edad3cde', 'e2bc2767-7d71-4b3a-90a6-3db49b9d6542'),
       ('160f6789-8f16-4e34-8d25-416a09796d02', 599.90, 'VR', DEFAULT, 'Полное погружение в виртуальную реальность.',
        'https://lfcarry.com/_next/image?url=https%3A%2F%2Fimg.lfcarry.com%2Fimg%2Fcustom%2Fgold%20wow_676a8668903f1_677d0301df590.webp&w=750&q=75',
        'VRVR-7878', 'Иммерсия', '79c1d1cd-0be9-4f98-a6be-8974edad3cde', 'f6a14376-2628-4a3c-9883-7ffdfb58b126'),
       ('c19a4f8e-caf2-4fdf-8012-77893f0a183e', 175.00, 'Educational', DEFAULT, 'Обучающая игра для всех возрастов.',
        'https://lfcarry.com/_next/image?url=https%3A%2F%2Fimg.lfcarry.com%2Fimg%2Fcustom%2Fcoverretail%20(1)_67f3a709aa4c9.webp&w=750&q=75',
        'EDUC-4456', 'Учись, играя!', '79c1d1cd-0be9-4f98-a6be-8974edad3cde', 'b9c1c0ee-85a4-4f79-92db-9aeaf4a2c9fd'),
       ('8d8a7d50-2403-4d46-bfad-69a31de49f16', 1050.00, 'Sandbox', DEFAULT, 'Песочница с полной свободой действий.',
        'https://lfcarry.com/_next/image?url=https%3A%2F%2Fimg.lfcarry.com%2Fimg%2Fcustom%2Fcover-Picsart-AiImageEnhancer_67e507ca00983.webp&w=750&q=75',
        'SNBX-2233', 'Твори миры', '79c1d1cd-0be9-4f98-a6be-8974edad3cde', 'e2bc2767-7d71-4b3a-90a6-3db49b9d6542'),
       ('2558ff9f-20b3-49fd-a2a5-56cbb3ccf8e2', 420.00, 'Survival', DEFAULT, 'Выживание на дикой планете.',
        'https://lfcarry.com/_next/image?url=https%3A%2F%2Fimg.lfcarry.com%2Fimg%2Fcustom%2Fcover_enhanced_67e2cc54d5b84.webp&w=750&q=75',
        'SURV-7781', 'Последний шанс', '79c1d1cd-0be9-4f98-a6be-8974edad3cde', 'f6a14376-2628-4a3c-9883-7ffdfb58b126');


INSERT INTO games_categories (name, game_id, parent_id)
VALUES ('Экшен', 'e2bc2767-7d71-4b3a-90a6-3db49b9d6542', NULL),
       ('РПГ', 'f6a14376-2628-4a3c-9883-7ffdfb58b126', NULL),
       ('Стратегия', 'b9c1c0ee-85a4-4f79-92db-9aeaf4a2c9fd', NULL),
       ('Приключения', 'e2bc2767-7d71-4b3a-90a6-3db49b9d6542', NULL),
       ('Симуляторы', 'f6a14376-2628-4a3c-9883-7ffdfb58b126', NULL),
       ('Хоррор', 'b9c1c0ee-85a4-4f79-92db-9aeaf4a2c9fd', NULL),
       ('Открытый мир', 'e2bc2767-7d71-4b3a-90a6-3db49b9d6542', NULL),
       ('Платформер', 'f6a14376-2628-4a3c-9883-7ffdfb58b126', NULL),
       ('ММО', 'b9c1c0ee-85a4-4f79-92db-9aeaf4a2c9fd', NULL),
       ('Инди', 'e2bc2767-7d71-4b3a-90a6-3db49b9d6542', NULL),

       ('Шутеры', NULL, 1),
       ('Слешеры', NULL, 1),
       ('JRPG', NULL, 2),
       ('Тактические', NULL, 3),
       ('Квесты', NULL, 4),
       ('Градостроительные', NULL, 5),
       ('Выживание', NULL, 7),
       ('2D платформеры', NULL, 8),
       ('PvP MMO', NULL, 9),
       ('Пиксельные', NULL, 10);
